,SERIAL
0,s41401
1,s41401
2,s41401
3,s41401
4,s41401
5,s41401
6,s41401
7,s41401
8,s41401
9,s41401
10,s41401
11,s41401
12,s41401
13,s41401
14,s41401
15,s41401
16,s41401
17,s41401
18,s41401
19,s41401
20,s41401
21,s41401
22,s41401
23,s41401
24,s41401
25,s41401
26,s41401
27,s41401
28,s41401
29,s41401
30,s41401
31,s41401
32,s41401
33,s41401
34,s41401
35,s41401
36,s41401
37,s41401
38,s41401
39,s41401
40,s41401
41,s41401
42,s41401
43,s41401
44,s41401
45,s41401
46,s41401
47,s41401
48,s41401
49,s41401
50,s41401
51,s41401
52,s41401
53,s41401
54,s41401
55,s41401
56,s41401
57,s41401
58,s41401
59,s41401
60,s41401
61,s41401
62,s41401
63,s41401
64,s41401
65,s41401
66,s41401
67,s41401
68,s41401
69,s41401
70,s41401
71,s41401
72,s41401
73,s41401
74,s41401
75,s41401
76,s41401
77,s41401
78,s41401
79,s41401
80,s41401
81,s41401
82,s41401
83,s41401
84,s41404
85,s41404
86,s41404
87,s41404
88,s41404
89,s41404
90,s41404
91,s41404
92,s41404
93,s41404
94,s41404
95,s41404
96,s41404
97,s41404
98,s41404
99,s41404
100,s41404
101,s41404
102,s41404
103,s41404
104,s41404
105,s41404
106,s41404
107,s41404
108,s41404
109,s41404
110,s41404
111,s41404
112,s41404
113,s41404
114,s41404
115,s41404
116,s41404
117,s41404
118,s41404
119,s41404
120,s41404
121,s41404
122,s41404
123,s41404
124,s41405
125,s41405
126,s41405
127,s41405
128,s41405
129,s41405
130,s41405
131,s41405
132,s41405
133,s41405
134,s41405
135,s41405
136,s41405
137,s41405
138,s41405
139,s41405
140,s41405
141,s41405
142,s41405
143,s41405
144,s41405
145,s41405
146,s41405
147,s41405
148,s41405
149,s41405
150,s41405
151,s41405
152,s41405
153,s41405
154,s41405
155,s41405
156,s41405
157,s41405
158,s41405
159,s41405
160,s41405
161,s41405
162,s41405
163,s41405
164,s41406
165,s41406
166,s41406
167,s41406
168,s41406
169,s41406
170,s41406
171,s41406
172,s41406
173,s41406
174,s41406
175,s41406
176,s41406
177,s41406
178,s41406
179,s41406
180,s41406
181,s41406
182,s41406
183,s41406
184,s41406
185,s41406
186,s41406
187,s41406
188,s41406
189,s41406
190,s41406
191,s41406
192,s41406
193,s41406
194,s41406
195,s41406
196,s41406
197,s41406
198,s41406
199,s41406
200,s41406
201,s41406
202,s41406
203,s41406
204,s41406
205,s41406
206,s41406
207,s41406
208,s41406
209,s41406
210,s41406
211,s41406
212,s41406
213,s41406
214,s41406
215,s41406
216,s41406
217,s41406
218,s41406
219,s41406
220,s41406
221,s41406
222,s41406
223,s41406
224,s41407
225,s41407
226,s41407
227,s41407
228,s41407
229,s41407
230,s41407
231,s41407
232,s41407
233,s41407
234,s41407
235,s41407
236,s41407
237,s41407
238,s41407
239,s41407
240,s41407
241,s41407
242,s41407
243,s41407
244,s41407
245,s41407
246,s41407
247,s41407
248,s41407
249,s41407
250,s41407
251,s41407
252,s41407
253,s41407
254,s41407
255,s41407
256,s41407
257,s41407
258,s41407
259,s41407
260,s41407
261,s41407
262,s41407
263,s41407
264,s41407
265,d43747
266,d43747
267,d43747
268,d43747
269,d43747
270,d43747
271,d43747
272,d43747
273,d43747
274,d43747
275,d43747
276,d43747
277,d43747
278,d43747
279,d43747
280,d43747
281,d43747
282,d43747
283,d43747
284,d43747
285,d43747
286,d43747
287,d43747
288,d43747
289,d43747
290,d43747
291,d43747
292,d43747
293,d43747
294,d43747
295,d43747
296,d43747
297,d43747
298,d43747
299,d43747
300,d43747
301,d43747
302,d43747
303,d43747
304,d43747
305,d43747
306,d43747
307,d43747
308,d43747
309,d43747
310,d43747
311,s41408
312,s41408
313,s41408
314,s41408
315,s41408
316,s41408
317,s41408
318,s41408
319,s41408
320,s41408
321,s41408
322,s41408
323,s41408
324,s41408
325,s41408
326,s41408
327,s41408
328,s41408
329,s41408
330,s41408
331,s41408
332,s41408
333,s41408
334,s41408
335,s41408
336,s41408
337,s41408
338,s41408
339,s41408
340,s41408
341,s41408
342,s41408
343,s41408
344,s41408
345,s41408
346,s41408
347,s41408
348,s41408
349,s41408
350,s41408
351,s41409
352,s41409
353,s41409
354,s41409
355,s41409
356,s41409
357,s41409
358,s41409
359,s41409
360,s41409
361,s41409
362,s41409
363,s41409
364,s41409
365,s41409
366,s41409
367,s41409
368,s41409
369,s41409
370,s41409
371,s41409
372,s41409
373,s41409
374,s41409
375,s41409
376,s41409
377,s41409
378,s41409
379,s41409
380,s41409
381,s41409
382,s41409
383,s41409
384,s41409
385,s41409
386,s41409
387,s41409
388,s41409
389,s41409
390,s41409
391,s41409
392,s41409
393,s41409
394,s41409
395,s41409
396,s41409
397,s41409
398,s41409
399,s41409
400,s41409
401,s41409
402,s41409
403,s41409
404,s41409
405,s41409
406,s41409
407,s41409
408,s41409
409,s41409
410,s41409
411,s41409
412,s41409
413,s41409
414,s41409
415,s41409
416,s41409
417,s41409
418,s41409
419,s41409
420,s41409
421,s41409
422,s41409
423,s41409
424,s41409
425,s41409
426,s41409
427,s41409
428,s41409
429,s41409
430,s41409
431,s41409
432,s41409
433,s41409
434,s41409
435,s41409
436,s41409
437,s41409
438,s41409
439,s41409
440,s41409
441,s41409
442,s41409
443,s41413
444,s41413
445,s41413
446,s41413
447,s41413
448,s41413
449,s41413
450,s41413
451,s41413
452,s41413
453,s41413
454,s41413
455,s41413
456,s41413
457,s41413
458,s41413
459,s41413
460,s41413
461,s41413
462,s41413
463,s41413
464,s41413
465,s41413
466,s41413
467,s41413
468,s41413
469,s41413
470,s41413
471,s41413
472,s41413
473,s41413
474,s41413
475,s41413
476,s41413
477,s41413
478,s41413
479,s41413
480,s41413
481,s41413
482,s41413
483,s41415
484,s41415
485,s41415
486,s41415
487,s41415
488,s41415
489,s41415
490,s41415
491,s41415
492,s41415
493,s41415
494,s41415
495,s41415
496,s41415
497,s41415
498,s41415
499,s41415
500,s41415
501,s41415
502,s41415
503,s41415
504,s41415
505,s41415
506,s41415
507,s41415
508,s41415
509,s41415
510,s41415
511,s41415
512,s41415
513,s41415
514,s41415
515,s41415
516,s41415
517,s41415
518,s41415
519,s41415
520,s41415
521,s41415
522,s41415
523,s41415
524,s41415
525,s41415
526,s41415
527,s41416
528,s41416
529,s41416
530,s41416
531,s41416
532,s41416
533,s41416
534,s41416
535,s41416
536,s41416
537,s41416
538,s41416
539,s41416
540,s41416
541,s41416
542,s41416
543,s41416
544,s41416
545,s41416
546,s41416
547,s41416
548,s41416
549,s41416
550,s41416
551,s41416
552,s41416
553,s41416
554,s41416
555,s41416
556,s41416
557,s41416
558,s41416
559,s41416
560,s41416
561,s41416
562,s41416
563,s41416
564,s41416
565,s41416
566,s41416
567,s41416
568,s41416
569,s41416
570,s41416
571,s41416
572,s41416
573,s41416
574,s41416
575,s41416
576,s41416
577,s41416
578,s41416
579,s41416
580,s41416
581,s41416
582,s41416
583,s41416
584,s41416
585,s41416
586,s41416
587,s41416
588,s41416
589,s41416
590,s41416
591,s41416
592,s41416
593,s41416
594,s41416
595,s41416
596,s41416
597,s41416
598,s41416
599,s41416
600,s41416
601,s41416
602,s41416
603,s41416
604,s41416
605,s41416
606,s41416
607,s41416
608,s41416
609,s41416
610,s41416
611,s41416
612,s41416
613,s41416
614,s41416
615,s41416
616,s41416
617,s41416
618,s41416
619,s41417
620,s41417
621,s41417
622,s41417
623,s41417
624,s41417
625,s41417
626,s41417
627,s41417
628,s41417
629,s41417
630,s41417
631,s41417
632,s41417
633,s41417
634,s41417
635,s41417
636,s41417
637,s41417
638,s41417
639,s41417
640,s41417
641,s41417
642,s41417
643,s41417
644,s41417
645,s41417
646,s41417
647,s41417
648,s41417
649,s41417
650,s41417
651,s41417
652,s41417
653,s41417
654,s41417
655,s41417
656,s41417
657,s41417
658,s41417
659,s41417
660,s41417
661,s41417
662,s41417
663,s41417
664,s41417
665,s41417
666,s41417
667,s41417
668,s41417
669,s41417
670,s41417
671,s41417
672,s41417
673,s41417
674,s41417
675,s41417
676,s41417
677,s41417
678,s41417
679,s41417
680,s41417
681,s41417
682,s41417
683,s41417
684,s41417
685,s41417
686,s41417
687,s41417
688,s41417
689,s41417
690,s41417
691,s41417
692,s41417
693,s41417
694,s41417
695,s41418
696,s41418
697,s41418
698,s41418
699,s41418
700,s41418
701,s41418
702,s41418
703,s41418
704,s41418
705,s41418
706,s41418
707,s41418
708,s41418
709,s41418
710,s41418
711,s41418
712,s41418
713,s41418
714,s41418
715,s41418
716,s41418
717,s41418
718,s41418
719,s41418
720,s41418
721,s41418
722,s41418
723,s41418
724,s41418
725,s41418
726,s41418
727,s41418
728,s41418
729,s41418
730,s41418
731,s41418
732,s41418
733,s41418
734,s41418
735,s41418
736,s41418
737,s41418
738,s41418
739,s41418
740,s41418
741,s41418
742,s41418
743,s41418
744,s41418
745,s41418
746,s41418
747,s41418
748,s41418
749,s41418
750,s41418
751,s41418
752,s41418
753,s41418
754,s41418
755,s41418
756,s41418
757,s41418
758,s41418
759,s41418
760,s41418
761,s41418
762,s41418
763,s41418
764,s41418
765,s41418
766,s41418
767,s41418
768,s41418
769,s41418
770,s41418
771,s41418
772,s41418
773,s41418
774,s41418
775,s41418
776,s41418
777,s41418
778,s41418
779,s41418
780,s41418
781,s41418
782,s41418
783,s41418
784,s41418
785,s41418
786,s41418
787,s41419
788,s41419
789,s41419
790,s41419
791,s41419
792,s41419
793,s41419
794,s41419
795,s41419
796,s41419
797,s41419
798,s41419
799,s41419
800,s41419
801,s41419
802,s41419
803,s41419
804,s41419
805,s41419
806,s41419
807,s41419
808,s41419
809,s41419
810,s41419
811,s41419
812,s41419
813,s41419
814,s41419
815,s41419
816,s41419
817,s41419
818,s41419
819,s41419
820,s41419
821,s41419
822,s41419
823,s41419
824,s41419
825,s41419
826,s41419
827,s41420
828,s41420
829,s41420
830,s41420
831,s41420
832,s41420
833,s41420
834,s41420
835,s41420
836,s41420
837,s41420
838,s41420
839,s41420
840,s41420
841,s41420
842,s41420
843,s41420
844,s41420
845,s41420
846,s41420
847,s41420
848,s41420
849,s41420
850,s41420
851,s41420
852,s41420
853,s41420
854,s41420
855,s41420
856,s41420
857,s41420
858,s41420
859,s41420
860,s41420
861,s41420
862,s41420
863,s41420
864,s41420
865,s41420
866,s41420
867,s41421
868,s41421
869,s41421
870,s41421
871,s41421
872,s41421
873,s41421
874,s41421
875,s41421
876,s41421
877,s41421
878,s41421
879,s41421
880,s41421
881,s41421
882,s41421
883,s41421
884,s41421
885,s41421
886,s41421
887,s41421
888,s41421
889,s41421
890,s41421
891,s41421
892,s41421
893,s41421
894,s41421
895,s41421
896,s41421
897,s41421
898,s41421
899,s41421
900,s41421
901,s41421
902,s41421
903,s41421
904,s41421
905,s41421
906,s41421
907,s41422
908,s41422
909,s41422
910,s41422
911,s41422
912,s41422
913,s41422
914,s41422
915,s41422
916,s41422
917,s41422
918,s41422
919,s41422
920,s41422
921,s41422
922,s41422
923,s41422
924,s41422
925,s41422
926,s41422
927,s41422
928,s41422
929,s41422
930,s41422
931,s41422
932,s41422
933,s41422
934,s41422
935,s41422
936,s41422
937,s41422
938,s41422
939,s41422
940,s41422
941,s41422
942,s41422
943,s41422
944,s41422
945,s41422
946,s41422
947,s41422
948,s41422
949,s41422
950,s41422
951,s41422
952,s41422
953,s41422
954,s41422
955,s41422
956,s41422
957,s41422
958,s41422
959,s41422
960,s41422
961,s41422
962,s41422
963,s41422
964,s41423
965,s41423
966,s41423
967,s41423
968,s41423
969,s41423
970,s41423
971,s41423
972,s41423
973,s41423
974,s41423
975,s41423
976,s41423
977,s41423
978,s41423
979,s41423
980,s41423
981,s41423
982,s41423
983,s41423
984,s41423
985,s41423
986,s41423
987,s41423
988,s41423
989,s41423
990,s41423
991,s41423
992,s41423
993,s41423
994,s41423
995,s41423
996,s41423
997,s41423
998,s41423
999,s41423
1000,s41423
1001,s41423
1002,s41423
1003,s41423
1004,s41423
1005,s41423
1006,s41423
1007,s41423
1008,s41423
1009,s41423
1010,s41423
1011,s41423
1012,s41423
1013,s41423
1014,s41423
1015,s41423
1016,s41423
1017,s41423
1018,s41423
1019,s41423
1020,s41423
1021,s41423
1022,s41423
1023,s41423
1024,s41423
1025,s41423
1026,s41423
1027,s41423
1028,s41423
1029,s41423
1030,s41423
1031,s41423
1032,s41423
1033,s41423
1034,s41423
1035,s41423
1036,s42003
1037,s42003
1038,s42003
1039,s42003
1040,s42003
1041,s42003
1042,s42003
1043,s42003
1044,s42003
1045,s42003
1046,s42003
1047,s42003
1048,s42003
1049,s42003
1050,s42003
1051,s42003
1052,s42003
1053,s42003
1054,s42003
1055,s42003
1056,s42003
1057,s42003
1058,s42003
1059,s42003
1060,s42003
1061,s42003
1062,s42003
1063,s42003
1064,s42003
1065,s42003
1066,s42003
1067,s42003
1068,s42003
1069,s42003
1070,s42003
1071,s42003
1072,s42003
1073,s42003
1074,s42003
1075,s42003
1076,s42003
1077,s42003
1078,s42004
1079,s42004
1080,s42004
1081,s42004
1082,s42004
1083,s42004
1084,s42004
1085,s42004
1086,s42004
1087,s42004
1088,s42004
1089,s42004
1090,s42004
1091,s42004
1092,s42004
1093,s42004
1094,s42004
1095,s42004
1096,s42004
1097,s42004
1098,s42004
1099,s42004
1100,s42004
1101,s42004
1102,s42004
1103,s42004
1104,s42004
1105,s42004
1106,s42004
1107,s42004
1108,s42004
1109,s42004
1110,s42004
1111,s42004
1112,s42004
1113,s42004
1114,s42004
1115,s42004
1116,s42004
1117,s42004
1118,s42004
1119,s43247
1120,s43247
1121,s43247
1122,s43247
1123,s43247
1124,s43247
1125,s43247
1126,s43247
1127,s43247
1128,s43247
1129,s43247
1130,s43247
1131,s43247
1132,s43247
1133,s43247
1134,s43247
1135,s43247
1136,s43247
1137,s43247
1138,s43247
1139,s43247
1140,s43247
1141,s43247
1142,s43247
1143,s43247
1144,s43247
1145,s43247
1146,s43247
1147,s43247
1148,s43247
1149,s43247
1150,s43247
1151,s43247
1152,s43247
1153,s43247
1154,s43247
1155,s43247
1156,s43247
1157,s43247
1158,s43247
1159,s43246
1160,s43246
1161,s43246
1162,s43246
1163,s43246
1164,s43246
1165,s43246
1166,s43246
1167,s43246
1168,s43246
1169,s43246
1170,s43246
1171,s43246
1172,s43246
1173,s43246
1174,s43246
1175,s43246
1176,s43246
1177,s43246
1178,s43246
1179,s43246
1180,s43246
1181,s43246
1182,s43246
1183,s43246
1184,s43246
1185,s43246
1186,s43246
1187,s43246
1188,s43246
1189,s43246
1190,s43246
1191,s43246
1192,s43246
1193,s43246
1194,s43246
1195,s43246
1196,s43246
1197,s43246
1198,s43246
1199,s43856
1200,s43856
1201,s43856
1202,s43856
1203,s43856
1204,s43856
1205,s43856
1206,s43856
1207,s43856
1208,s43856
1209,s43856
1210,s43856
1211,s43856
1212,s43856
1213,s43856
1214,s43856
1215,s43856
1216,s43856
1217,s43856
1218,s43856
1219,s43856
1220,s43856
1221,s43856
1222,s43856
1223,s43856
1224,s43856
1225,s43856
1226,s43856
1227,s43856
1228,s43856
1229,s43856
1230,s43856
1231,s43856
1232,s43856
1233,s43856
1234,s43856
1235,s43856
1236,s43856
1237,s43856
1238,s43856
1239,s42005
1240,s42005
1241,s42005
1242,s42005
1243,s42005
1244,s42005
1245,s42005
1246,s42005
1247,s42005
1248,s42005
1249,s42005
1250,s42005
1251,s42005
1252,s42005
1253,s42005
1254,s42005
1255,s42005
1256,s42005
1257,s42005
1258,s42005
1259,s42005
1260,s42005
1261,s42005
1262,s42005
1263,s42005
1264,s42005
1265,s42005
1266,s42005
1267,s42005
1268,s42005
1269,s42005
1270,s42005
1271,s42005
1272,s42005
1273,s42005
1274,s42005
1275,s42005
1276,s42005
1277,s42005
1278,s42005
1279,s41430
1280,s41430
1281,s41430
1282,s41430
1283,s41430
1284,s41430
1285,s41430
1286,s41430
1287,s41430
1288,s41430
1289,s41430
1290,s41430
1291,s41430
1292,s41430
1293,s41430
1294,s41430
1295,s41430
1296,s41430
1297,s41430
1298,s41430
1299,s41430
1300,s41430
1301,s41430
1302,s41430
1303,s41430
1304,s41430
1305,s41430
1306,s41430
1307,s41430
1308,s41430
1309,s41430
1310,s41430
1311,s41430
1312,s41430
1313,s41430
1314,s41430
1315,s41430
1316,s41430
1317,s41430
1318,s41430
1319,s41430
1320,s41430
1321,s41430
1322,s41430
1323,s41430
1324,s41430
1325,s41430
1326,s41430
1327,s41430
1328,s41430
1329,s41430
1330,s41430
1331,s41430
1332,s41430
1333,s41430
1334,s41430
1335,s41430
1336,s41430
1337,s41430
1338,s41430
1339,s41430
1340,s41430
1341,s41430
1342,s41430
1343,s41430
1344,s41430
1345,s41430
1346,s41430
1347,s41430
1348,s41430
1349,s41430
1350,s41430
1351,s41430
1352,s41430
1353,s41430
1354,s41430
1355,s41430
1356,s41430
1357,s41430
1358,s41430
1359,s41430
1360,s41430
1361,s41430
1362,s41430
1363,s41430
1364,s41430
1365,s41430
1366,s41430
1367,s41430
1368,s41430
1369,s41430
1370,s41430
1371,s41430
1372,s41430
1373,s41430
1374,s41430
1375,s41430
1376,s41430
1377,s41430
1378,s41430
1379,s41430
1380,s41430
1381,s41430
1382,s41430
1383,s41431
1384,s41431
1385,s41431
1386,s41431
1387,s41431
1388,s41431
1389,s41431
1390,s41431
1391,s41431
1392,s41431
1393,s41431
1394,s41431
1395,s41431
1396,s41431
1397,s41431
1398,s41431
1399,s41431
1400,s41431
1401,s41431
1402,s41431
1403,s41431
1404,s41431
1405,s41431
1406,s41431
1407,s41431
1408,s41431
1409,s41431
1410,s41431
1411,s41431
1412,s41431
1413,s41431
1414,s41431
1415,s41431
1416,s41431
1417,s41431
1418,s41431
1419,s41431
1420,s41431
1421,s41431
1422,s41431
1423,s41431
1424,s41431
1425,s41431
1426,s41431
1427,s41431
1428,s41431
1429,s41431
1430,s41431
1431,s41431
1432,s41431
1433,s41431
1434,s41431
1435,s41431
1436,s41431
1437,s41431
1438,s41431
1439,s41431
1440,s41431
1441,s41431
1442,s41431
1443,s41431
1444,s41431
1445,s41431
1446,s41431
1447,s41431
1448,s41431
1449,s41431
1450,s41431
1451,s41431
1452,s41431
1453,s41431
1454,s41431
1455,s41431
1456,s41432
1457,s41432
1458,s41432
1459,s41432
1460,s41432
1461,s41432
1462,s41432
1463,s41432
1464,s41432
1465,s41432
1466,s41432
1467,s41432
1468,s41432
1469,s41432
1470,s41432
1471,s41432
1472,s41432
1473,s41432
1474,s41432
1475,s41432
1476,s41432
1477,s41432
1478,s41432
1479,s41432
1480,s41432
1481,s41432
1482,s41432
1483,s41432
1484,s41432
1485,s41432
1486,s41432
1487,s41432
1488,s41432
1489,s41432
1490,s41432
1491,s41432
1492,s41432
1493,s41432
1494,s41432
1495,s41432
1496,s41432
1497,s41432
1498,s41432
1499,s41432
1500,s41432
1501,s41432
1502,s41432
1503,s41432
1504,s41432
1505,s41432
1506,s41432
1507,s41432
1508,s41432
1509,s41432
1510,s41432
1511,s41432
1512,s41432
1513,s41432
1514,s41432
1515,s41432
1516,s41432
1517,s41432
1518,s41432
1519,s41432
1520,s41432
1521,s41432
1522,s41432
1523,s41432
1524,s41432
1525,s41432
1526,s41432
1527,s41432
1528,s41432
1529,s41432
1530,s41432
1531,s41432
1532,s41432
1533,s41432
1534,s41432
1535,s41432
1536,s41432
1537,s41432
1538,s41432
1539,s41432
1540,s41432
1541,s41432
1542,s41432
1543,s41432
1544,s41432
1545,s41432
1546,s41432
1547,s41432
1548,s41432
1549,s41432
1550,s41432
1551,s12276
1552,s12276
1553,s12276
1554,s12276
1555,s12276
1556,s12276
1557,s12276
1558,s12276
1559,s12276
1560,s12276
1561,s12276
1562,s12276
1563,s12276
1564,s12276
1565,s12276
1566,s12276
1567,s12276
1568,s12276
1569,s12276
1570,s12276
1571,s12276
1572,s12276
1573,s12276
1574,s12276
1575,s12276
1576,s12276
1577,s12276
1578,s12276
1579,s12276
1580,s12276
1581,s12276
1582,s12276
1583,s12276
1584,s12276
1585,s12276
1586,s12276
1587,s12276
1588,s12276
1589,s12276
1590,s12276
1591,s41433
1592,s41433
1593,s41433
1594,s41433
1595,s41433
1596,s41433
1597,s41433
1598,s41433
1599,s41433
1600,s41433
1601,s41433
1602,s41433
1603,s41433
1604,s41433
1605,s41433
1606,s41433
1607,s41433
1608,s41433
1609,s41433
1610,s41433
1611,s41433
1612,s41433
1613,s41433
1614,s41433
1615,s41433
1616,s41433
1617,s41433
1618,s41433
1619,s41433
1620,s41433
1621,s41433
1622,s41433
1623,s41433
1624,s41433
1625,s41433
1626,s41433
1627,s41433
1628,s41433
1629,s41433
1630,s41433
1631,s41433
1632,s41433
1633,s41433
1634,s41433
1635,s41433
1636,s41433
1637,s41433
1638,s41433
1639,s41433
1640,s41433
1641,s41433
1642,s41433
1643,s41433
1644,s41433
1645,s41433
1646,s41433
1647,s41433
1648,s41433
1649,s41433
1650,s41433
1651,s41433
1652,s41433
1653,s41433
1654,s41433
1655,s41433
1656,s41433
1657,s41433
1658,s41433
1659,s41433
1660,s41433
1661,s41433
1662,s41433
1663,s41433
1664,s41433
1665,s41433
1666,s41433
1667,s41433
1668,s41433
1669,s41433
1670,s41433
1671,s41433
1672,s41433
1673,s41433
1674,s41433
1675,s41433
1676,s41433
1677,s41433
1678,s41433
1679,s41433
1680,s41433
1681,s41433
1682,s41433
1683,s41433
1684,s41433
1685,s41433
1686,s41433
1687,s41434
1688,s41434
1689,s41434
1690,s41434
1691,s41434
1692,s41434
1693,s41434
1694,s41434
1695,s41434
1696,s41434
1697,s41434
1698,s41434
1699,s41434
1700,s41434
1701,s41434
1702,s41434
1703,s41434
1704,s41434
1705,s41434
1706,s41434
1707,s41434
1708,s41434
1709,s41434
1710,s41434
1711,s41434
1712,s41434
1713,s41434
1714,s41434
1715,s41434
1716,s41434
1717,s41434
1718,s41434
1719,s41434
1720,s41434
1721,s41434
1722,s41434
1723,s41434
1724,s41434
1725,s41434
1726,s41434
1727,s41434
1728,s41434
1729,s41434
1730,s41434
1731,s41434
1732,s41434
1733,s41434
1734,s41434
1735,s41434
1736,s41434
1737,s41434
1738,s41434
1739,s41434
1740,s41434
1741,s41434
1742,s41434
1743,s41434
1744,s41434
1745,s41434
1746,s41434
1747,s41434
1748,s41434
1749,s41434
1750,s41434
1751,s41434
1752,s41434
1753,s41434
1754,s41434
1755,s41434
1756,s41434
1757,s41434
1758,s41434
1759,s41434
1760,s41434
1761,s41434
1762,s41434
1763,s41434
1764,s41434
1765,s41434
1766,s41434
1767,s41434
1768,s41434
1769,s41434
1770,s41434
1771,s41434
1772,s41435
1773,s41435
1774,s41435
1775,s41435
1776,s41435
1777,s41435
1778,s41435
1779,s41435
1780,s41435
1781,s41435
1782,s41435
1783,s41435
1784,s41435
1785,s41435
1786,s41435
1787,s41435
1788,s41435
1789,s41435
1790,s41435
1791,s41435
1792,s41435
1793,s41435
1794,s41435
1795,s41435
1796,s41435
1797,s41435
1798,s41435
1799,s41435
1800,s41435
1801,s41435
1802,s41435
1803,s41435
1804,s41435
1805,s41435
1806,s41435
1807,s41435
1808,s41435
1809,s41435
1810,s41435
1811,s41435
1812,s41435
1813,s41435
1814,s41435
1815,s41435
1816,s41435
1817,s41435
1818,s41435
1819,s41435
1820,s41435
1821,s41435
1822,s41435
1823,s41435
1824,s41435
1825,s41435
1826,s41435
1827,s41435
1828,s41435
1829,s41435
1830,s41435
1831,s41435
1832,s41435
1833,s41435
1834,s41435
1835,s41435
1836,s41435
1837,s41435
1838,s41435
1839,s41435
1840,s41435
1841,s41436
1842,s41436
1843,s41436
1844,s41436
1845,s41436
1846,s41436
1847,s41436
1848,s41436
1849,s41436
1850,s41436
1851,s41436
1852,s41436
1853,s41436
1854,s41436
1855,s41436
1856,s41436
1857,s41436
1858,s41436
1859,s41436
1860,s41436
1861,s41436
1862,s41436
1863,s41436
1864,s41436
1865,s41436
1866,s41436
1867,s41436
1868,s41436
1869,s41436
1870,s41436
1871,s41436
1872,s41436
1873,s41436
1874,s41436
1875,s41436
1876,s41436
1877,s41436
1878,s41436
1879,s41436
1880,s41436
1881,s41436
1882,s41436
1883,s41436
1884,s41436
1885,s41436
1886,s41436
1887,s41436
1888,s41436
1889,s41436
1890,s41436
1891,s41436
1892,s41436
1893,s41436
1894,s41436
1895,s41436
1896,s41436
1897,s41436
1898,s41436
1899,s41436
1900,s41436
1901,s41436
1902,s41436
1903,s41436
1904,s41436
1905,s41436
1906,s41436
1907,s41436
1908,s41436
1909,s41437
1910,s41437
1911,s41437
1912,s41437
1913,s41437
1914,s41437
1915,s41437
1916,s41437
1917,s41437
1918,s41437
1919,s41437
1920,s41437
1921,s41437
1922,s41437
1923,s41437
1924,s41437
1925,s41437
1926,s41437
1927,s41437
1928,s41437
1929,s41437
1930,s41437
1931,s41437
1932,s41437
1933,s41437
1934,s41437
1935,s41437
1936,s41437
1937,s41437
1938,s41437
1939,s41437
1940,s41437
1941,s41437
1942,s41437
1943,s41437
1944,s41437
1945,s41437
1946,s41437
1947,s41437
1948,s41437
1949,s41437
1950,s41437
1951,s41437
1952,s41437
1953,s41437
1954,s41437
1955,s41437
1956,s41437
1957,s41437
1958,s41437
1959,s41437
1960,s41437
1961,s41437
1962,s41437
1963,s41437
1964,s41437
1965,s41437
1966,s41437
1967,s41437
1968,s41437
1969,s41437
1970,s41437
1971,s41437
1972,s41437
1973,s41437
1974,s41437
1975,s41437
1976,s41437
1977,s41437
1978,s41437
1979,s41437
1980,s41437
1981,s41437
1982,s41437
1983,s41437
1984,s41437
1985,s41437
1986,s41437
1987,s41437
1988,s41437
1989,s41437
1990,s41437
1991,s41437
1992,s41437
1993,s41437
1994,s41437
1995,s41437
1996,s41437
1997,s41438
1998,s41438
1999,s41438
2000,s41438
2001,s41438
2002,s41438
2003,s41438
2004,s41438
2005,s41438
2006,s41438
2007,s41438
2008,s41438
2009,s41438
2010,s41438
2011,s41438
2012,s41438
2013,s41438
2014,s41438
2015,s41438
2016,s41438
2017,s41438
2018,s41438
2019,s41438
2020,s41438
2021,s41438
2022,s41438
2023,s41438
2024,s41438
2025,s41438
2026,s41438
2027,s41438
2028,s41438
2029,s41438
2030,s41438
2031,s41438
2032,s41438
2033,s41438
2034,s41438
2035,s41438
2036,s41438
2037,s41438
2038,s41438
2039,s41438
2040,s41438
2041,s41438
2042,s41439
2043,s41439
2044,s41439
2045,s41439
2046,s41439
2047,s41439
2048,s41439
2049,s41439
2050,s41439
2051,s41439
2052,s41439
2053,s41439
2054,s41439
2055,s41439
2056,s41439
2057,s41439
2058,s41439
2059,s41439
2060,s41439
2061,s41439
2062,s41439
2063,s41439
2064,s41439
2065,s41439
2066,s41439
2067,s41439
2068,s41439
2069,s41439
2070,s41439
2071,s41439
2072,s41439
2073,s41439
2074,s41439
2075,s41439
2076,s41439
2077,s41439
2078,s41439
2079,s41439
2080,s41439
2081,s41439
2082,s41599
2083,s41599
2084,s41599
2085,s41599
2086,s41599
2087,s41599
2088,s41599
2089,s41599
2090,s41599
2091,s41599
2092,s41599
2093,s41599
2094,s41599
2095,s41599
2096,s41599
2097,s41599
2098,s41599
2099,s41599
2100,s41599
2101,s41599
2102,s41599
2103,s41599
2104,s41599
2105,s41599
2106,s41599
2107,s41599
2108,s41599
2109,s41599
2110,s41599
2111,s41599
2112,s41599
2113,s41599
2114,s41599
2115,s41599
2116,s41599
2117,s41599
2118,s41599
2119,s41599
2120,s41599
2121,s41599
2122,s41599
2123,s41599
2124,s41599
2125,s41599
2126,s41440
2127,s41440
2128,s41440
2129,s41440
2130,s41440
2131,s41440
2132,s41440
2133,s41440
2134,s41440
2135,s41440
2136,s41440
2137,s41440
2138,s41440
2139,s41440
2140,s41440
2141,s41440
2142,s41440
2143,s41440
2144,s41440
2145,s41440
2146,s41440
2147,s41440
2148,s41440
2149,s41440
2150,s41440
2151,s41440
2152,s41440
2153,s41440
2154,s41440
2155,s41440
2156,s41440
2157,s41440
2158,s41440
2159,s41440
2160,s41440
2161,s41440
2162,s41440
2163,s41440
2164,s41440
2165,s41440
2166,s41440
2167,s41440
2168,s41440
2169,s41440
2170,s41440
2171,s41440
2172,s41440
2173,s41440
2174,s41440
2175,s41440
2176,s41440
2177,s41440
2178,s41440
2179,s41440
2180,s41440
2181,s41440
2182,s41440
2183,s41440
2184,s41440
2185,s41440
2186,s41440
2187,s41440
2188,s41440
2189,s41440
2190,s41440
2191,s41440
2192,s41440
2193,s41440
2194,s41440
2195,s41440
2196,s41440
2197,s41440
2198,s41440
2199,s41440
2200,s41440
2201,s41440
2202,s41440
2203,s41440
2204,s41440
2205,s41440
2206,s41440
2207,s41440
2208,s41440
2209,s41440
2210,s41440
2211,s41440
2212,s41440
2213,s41440
2214,s41440
2215,s41440
2216,s41440
2217,s41440
2218,s41440
2219,s41440
2220,s41443
2221,s41443
2222,s41443
2223,s41443
2224,s41443
2225,s41443
2226,s41443
2227,s41443
2228,s41443
2229,s41443
2230,s41443
2231,s41443
2232,s41443
2233,s41443
2234,s41443
2235,s41443
2236,s41443
2237,s41443
2238,s41443
2239,s41443
2240,s41443
2241,s41443
2242,s41443
2243,s41443
2244,s41443
2245,s41443
2246,s41443
2247,s41443
2248,s41443
2249,s41443
2250,s41443
2251,s41443
2252,s41443
2253,s41443
2254,s41443
2255,s41443
2256,s41443
2257,s41443
2258,s41443
2259,s41443
2260,s41443
2261,s41443
2262,s41443
2263,s41443
2264,s41443
2265,s41443
2266,s41443
2267,s41443
2268,s41443
2269,s41443
2270,s41443
2271,s41443
2272,s41443
2273,s41443
2274,s41443
2275,s41443
2276,s41443
2277,s41443
2278,s41443
2279,s41443
2280,s41443
2281,s41443
2282,s41443
2283,s41443
2284,s41443
2285,s41443
2286,s41443
2287,s41443
2288,s41443
2289,s41443
2290,s41443
2291,s41443
2292,s41443
2293,s41443
2294,s41443
2295,s41443
2296,s41443
2297,s41443
2298,s41443
2299,s41443
2300,s41443
2301,s41443
2302,s41443
2303,s41443
2304,s41443
2305,s41443
2306,s41443
2307,s41443
2308,s41443
2309,s41443
2310,s41443
2311,s41443
2312,s41443
2313,s41443
2314,s41443
2315,s41443
2316,s41443
2317,s41443
2318,s41443
2319,s41443
2320,s41443
2321,s41443
2322,s41443
2323,s41443
2324,s41443
2325,s41443
2326,s41443
2327,s41443
2328,s41443
2329,s41443
2330,s41443
2331,s41443
2332,s41443
2333,s41366
2334,s41366
2335,s41366
2336,s41366
2337,s41366
2338,s41366
2339,s41366
2340,s41366
2341,s41366
2342,s41366
2343,s41366
2344,s41366
2345,s41366
2346,s41366
2347,s41366
2348,s41366
2349,s41366
2350,s41366
2351,s41366
2352,s41366
2353,s41366
2354,s41366
2355,s41366
2356,s41366
2357,s41366
2358,s41366
2359,s41366
2360,s41366
2361,s41366
2362,s41366
2363,s41366
2364,s41366
2365,s41366
2366,s41366
2367,s41366
2368,s41366
2369,s41366
2370,s41366
2371,s41366
2372,s41366
2373,s41366
2374,s41366
2375,s41366
2376,s41366
2377,s41366
2378,s41366
2379,s41366
2380,s41366
2381,s41366
2382,s41366
2383,s41366
2384,s41366
2385,s41366
2386,s41366
2387,s41366
2388,s41366
2389,s41366
2390,s41366
2391,s41366
2392,s41366
2393,s41366
2394,s41366
2395,s41366
2396,s41366
2397,s41366
2398,s41366
2399,s41366
2400,s41366
2401,s41366
2402,s41366
2403,s41366
2404,s41366
2405,s41366
2406,s41366
2407,s41366
2408,s41366
2409,s41366
2410,s41366
2411,s41366
2412,s41366
2413,s41366
2414,s41366
2415,s41366
2416,s41366
2417,s41366
2418,s41366
2419,s41366
2420,s41366
2421,s41366
2422,s41366
2423,s41366
2424,s41366
2425,s41366
2426,s41366
2427,s41366
2428,s41366
2429,s41367
2430,s41367
2431,s41367
2432,s41367
2433,s41367
2434,s41367
2435,s41367
2436,s41367
2437,s41367
2438,s41367
2439,s41367
2440,s41367
2441,s41367
2442,s41367
2443,s41367
2444,s41367
2445,s41367
2446,s41367
2447,s41367
2448,s41367
2449,s41367
2450,s41367
2451,s41367
2452,s41367
2453,s41367
2454,s41367
2455,s41367
2456,s41367
2457,s41367
2458,s41367
2459,s41367
2460,s41367
2461,s41367
2462,s41367
2463,s41367
2464,s41367
2465,s41367
2466,s41367
2467,s41367
2468,s41367
2469,s41367
2470,s41367
2471,s41367
2472,s41367
2473,s41367
2474,s41367
2475,s41367
2476,s41367
2477,s41367
2478,s41367
2479,s41367
2480,s41367
2481,s41367
2482,s41367
2483,s41367
2484,s41367
2485,s41367
2486,s41367
2487,s41367
2488,s41367
2489,s41367
2490,s41367
2491,s41367
2492,s41367
2493,s41367
2494,s41367
2495,s41367
2496,s41367
2497,s41367
2498,s41367
2499,s41367
2500,s41367
2501,s41367
2502,s41367
2503,s41367
2504,s41367
2505,s41367
2506,s41367
2507,s41367
2508,s41367
2509,s41367
2510,s41367
2511,s41367
2512,s41367
2513,s41367
2514,s41367
2515,s41367
2516,s41367
2517,s41367
2518,s41367
2519,s41367
2520,s41367
2521,s41367
2522,s41367
2523,s41367
2524,s41367
2525,s41367
2526,s41367
2527,s41367
2528,s41367
2529,s41367
2530,s41367
2531,s41367
2532,s41367
2533,s41367
2534,s41367
2535,s41367
2536,s41367
2537,s41367
2538,s41367
2539,s41367
2540,s41367
2541,s41367
2542,s41367
2543,s41367
2544,s41367
2545,ijosup20161
2546,ijosup20161
2547,ijosup20161
2548,ijosup20161
2549,ijosup20161
2550,ijosup20161
2551,ijosup20167
2552,ijosup20167
2553,ijosup20167
2554,ijosup20167
2555,ijosup20167
2556,ijosup20167
2557,s41368
2558,s41368
2559,s41368
2560,s41368
2561,s41368
2562,s41368
2563,s41368
2564,s41368
2565,s41368
2566,s41368
2567,s41368
2568,s41368
2569,s41368
2570,s41368
2571,s41368
2572,s41368
2573,s41368
2574,s41368
2575,s41368
2576,s41368
2577,s41368
2578,s41368
2579,s41368
2580,s41368
2581,s41368
2582,s41368
2583,s41368
2584,s41368
2585,s41368
2586,s41368
2587,s41368
2588,s41368
2589,s41368
2590,s41368
2591,s41368
2592,s41368
2593,s41368
2594,s41368
2595,s41368
2596,s41368
2597,s43705
2598,s43705
2599,s43705
2600,s43705
2601,s43705
2602,s43705
2603,s43705
2604,s43705
2605,s43705
2606,s43705
2607,s43705
2608,s43705
2609,s43705
2610,s43705
2611,s43705
2612,s43705
2613,s43705
2614,s43705
2615,s43705
2616,s43705
2617,s43705
2618,s43705
2619,s43705
2620,s43705
2621,s43705
2622,s43705
2623,s43705
2624,s43705
2625,s43705
2626,s43705
2627,s43705
2628,s43705
2629,s43705
2630,s43705
2631,s43705
2632,s43705
2633,s43705
2634,s43705
2635,s43705
2636,s43705
2637,s43705
2638,s43705
2639,s43705
2640,s41396
2641,s41396
2642,s41396
2643,s41396
2644,s41396
2645,s41396
2646,s41396
2647,s41396
2648,s41396
2649,s41396
2650,s41396
2651,s41396
2652,s41396
2653,s41396
2654,s41396
2655,s41396
2656,s41396
2657,s41396
2658,s41396
2659,s41396
2660,s41396
2661,s41396
2662,s41396
2663,s41396
2664,s41396
2665,s41396
2666,s41396
2667,s41396
2668,s41396
2669,s41396
2670,s41396
2671,s41396
2672,s41396
2673,s41396
2674,s41396
2675,s41396
2676,s41396
2677,s41396
2678,s41396
2679,s41396
2680,s41396
2681,s41396
2682,s41396
2683,s41396
2684,s41396
2685,s41396
2686,s41396
2687,s41396
2688,s41396
2689,s41396
2690,s41396
2691,s41396
2692,s41396
2693,s41396
2694,s41396
2695,s41396
2696,s41396
2697,s41396
2698,s41396
2699,s41396
2700,s41396
2701,s41396
2702,s41396
2703,s41396
2704,s41396
2705,s41396
2706,s41396
2707,s41396
2708,s41396
2709,s41396
2710,s41396
2711,s41396
2712,s41396
2713,s41396
2714,s41396
2715,s41396
2716,s41396
2717,s41396
2718,s41396
2719,s41396
2720,s41429
2721,s41429
2722,s41429
2723,s41429
2724,s41429
2725,s41429
2726,s41429
2727,s41429
2728,s41429
2729,s41429
2730,s41429
2731,s41429
2732,s41429
2733,s41429
2734,s41429
2735,s41429
2736,s41429
2737,s41429
2738,s41429
2739,s41429
2740,s41429
2741,s41429
2742,s41429
2743,s41429
2744,s41429
2745,s41429
2746,s41429
2747,s41429
2748,s41429
2749,s41429
2750,s41429
2751,s41429
2752,s41429
2753,s41429
2754,s41429
2755,s41429
2756,s41429
2757,s41429
2758,s41429
2759,s41429
2760,s41429
2761,s41429
2762,s41429
2763,s41429
2764,s41429
2765,s41429
2766,s41429
2767,s41429
2768,s41429
2769,s41429
2770,s41429
2771,s41429
2772,s41429
2773,s41429
2774,s41429
2775,s41429
2776,s41429
2777,s41429
2778,s41429
2779,s41429
2780,s41429
2781,s41429
2782,s41429
2783,s41429
2784,s41429
2785,s41429
2786,s41429
2787,s41429
2788,s41429
2789,s41429
2790,s41429
2791,s41429
2792,s41429
2793,s41429
2794,s41429
2795,s41429
2796,s41429
2797,s41429
2798,s41429
2799,s41429
2800,s41429
2801,s41429
2802,s41429
2803,s41429
2804,s41429
2805,s41429
2806,s41429
2807,s41429
2808,s41429
2809,s41429
2810,s41429
2811,s41429
2812,s41429
2813,s41429
2814,s41429
2815,s41429
2816,s41429
2817,s41429
2818,s41429
2819,s41429
2820,s41429
2821,s41429
2822,s41429
2823,s41429
2824,s41429
2825,s41429
2826,s41429
2827,s41370
2828,s41370
2829,s41370
2830,s41370
2831,s41370
2832,s41370
2833,s41370
2834,s41370
2835,s41370
2836,s41370
2837,s41370
2838,s41370
2839,s41370
2840,s41370
2841,s41370
2842,s41370
2843,s41370
2844,s41370
2845,s41370
2846,s41370
2847,s41370
2848,s41370
2849,s41370
2850,s41370
2851,s41370
2852,s41370
2853,s41370
2854,s41370
2855,s41370
2856,s41370
2857,s41370
2858,s41370
2859,s41370
2860,s41370
2861,s41370
2862,s41370
2863,s41370
2864,s41370
2865,s41370
2866,s41370
2867,s41370
2868,s41370
2869,s41370
2870,s41370
2871,s41370
2872,s41370
2873,s41370
2874,s41370
2875,s41370
2876,s41370
2877,s41370
2878,s41370
2879,s41370
2880,s41370
2881,s41370
2882,s41370
2883,s41370
2884,s41370
2885,s41370
2886,s41370
2887,s41370
2888,s41370
2889,s41370
2890,s41370
2891,s41370
2892,s41370
2893,s41370
2894,s41370
2895,s41370
2896,s41370
2897,s41370
2898,s41370
2899,s41370
2900,s41370
2901,s41370
2902,s41370
2903,s41370
2904,s41370
2905,s41370
2906,s41370
2907,s41370
2908,s41370
2909,s41370
2910,s41370
2911,s41370
2912,s41370
2913,s41370
2914,s41370
2915,s41370
2916,s41370
2917,s41370
2918,s41370
2919,s41370
2920,s41370
2921,s41370
2922,s41370
2923,s41370
2924,s41370
2925,s41370
2926,s41370
2927,s10038
2928,s10038
2929,s10038
2930,s10038
2931,s10038
2932,s10038
2933,s10038
2934,s10038
2935,s10038
2936,s10038
2937,s10038
2938,s10038
2939,s10038
2940,s10038
2941,s10038
2942,s10038
2943,s10038
2944,s10038
2945,s10038
2946,s10038
2947,s10038
2948,s10038
2949,s10038
2950,s10038
2951,s10038
2952,s10038
2953,s10038
2954,s10038
2955,s10038
2956,s10038
2957,s10038
2958,s10038
2959,s10038
2960,s10038
2961,s10038
2962,s10038
2963,s10038
2964,s10038
2965,s10038
2966,s10038
2967,s10038
2968,s10038
2969,s10038
2970,s10038
2971,s10038
2972,s10038
2973,s10038
2974,s10038
2975,s10038
2976,s10038
2977,s10038
2978,s10038
2979,s10038
2980,s10038
2981,s10038
2982,s10038
2983,s10038
2984,s10038
2985,s10038
2986,s10038
2987,s10038
2988,s10038
2989,s10038
2990,s10038
2991,s10038
2992,s10038
2993,s10038
2994,s10038
2995,s10038
2996,s10038
2997,s10038
2998,s10038
2999,s10038
3000,s10038
3001,s10038
3002,s10038
3003,s10038
3004,s10038
3005,s10038
3006,s10038
3007,s10038
3008,s10038
3009,s10038
3010,s10038
3011,s10038
3012,s10038
3013,s10038
3014,s10038
3015,s10038
3016,s10038
3017,s10038
3018,s10038
3019,s10038
3020,s10038
3021,s10038
3022,s10038
3023,s10038
3024,s10038
3025,s41371
3026,s41371
3027,s41371
3028,s41371
3029,s41371
3030,s41371
3031,s41371
3032,s41371
3033,s41371
3034,s41371
3035,s41371
3036,s41371
3037,s41371
3038,s41371
3039,s41371
3040,s41371
3041,s41371
3042,s41371
3043,s41371
3044,s41371
3045,s41371
3046,s41371
3047,s41371
3048,s41371
3049,s41371
3050,s41371
3051,s41371
3052,s41371
3053,s41371
3054,s41371
3055,s41371
3056,s41371
3057,s41371
3058,s41371
3059,s41371
3060,s41371
3061,s41371
3062,s41371
3063,s41371
3064,s41371
3065,s41371
3066,s41371
3067,s41371
3068,s41371
3069,s41371
3070,s41371
3071,s41371
3072,s41371
3073,s41371
3074,s41371
3075,s41371
3076,s41371
3077,s41371
3078,s41371
3079,s41371
3080,s41371
3081,s41371
3082,s41371
3083,s41371
3084,s41371
3085,s41371
3086,s41371
3087,s41371
3088,s41371
3089,s41371
3090,s41371
3091,s41371
3092,s41371
3093,s41371
3094,s41371
3095,s41371
3096,s41371
3097,s41371
3098,s41371
3099,s41371
3100,s41371
3101,s41371
3102,s41371
3103,s41371
3104,s41371
3105,s41371
3106,s41371
3107,s41371
3108,s41371
3109,s41371
3110,s41371
3111,s41371
3112,s41371
3113,s41371
3114,s41371
3115,s41372
3116,s41372
3117,s41372
3118,s41372
3119,s41372
3120,s41372
3121,s41372
3122,s41372
3123,s41372
3124,s41372
3125,s41372
3126,s41372
3127,s41372
3128,s41372
3129,s41372
3130,s41372
3131,s41372
3132,s41372
3133,s41372
3134,s41372
3135,s41372
3136,s41372
3137,s41372
3138,s41372
3139,s41372
3140,s41372
3141,s41372
3142,s41372
3143,s41372
3144,s41372
3145,s41372
3146,s41372
3147,s41372
3148,s41372
3149,s41372
3150,s41372
3151,s41372
3152,s41372
3153,s41372
3154,s41372
3155,s41372
3156,s41372
3157,s41372
3158,s41372
3159,s41372
3160,s41372
3161,s41372
3162,s41372
3163,s41372
3164,s41372
3165,s41372
3166,s41372
3167,s41372
3168,s41372
3169,s41372
3170,s41372
3171,s41372
3172,s41372
3173,s41372
3174,s41372
3175,s41372
3176,s41372
3177,s41372
3178,s41372
3179,s41372
3180,s41372
3181,s41372
3182,s41372
3183,s41372
3184,s41372
3185,s41372
3186,s41372
3187,s41372
3188,s41372
3189,s41372
3190,s41372
3191,s41372
3192,s41372
3193,s41372
3194,s41372
3195,s41372
3196,s41372
3197,s41372
3198,s41372
3199,s41684
3200,s41684
3201,s41684
3202,s41684
3203,s41684
3204,s41684
3205,s41684
3206,s41684
3207,s41684
3208,s41684
3209,s41684
3210,s41684
3211,s41684
3212,s41684
3213,s41684
3214,s41684
3215,s41684
3216,s41684
3217,s41684
3218,s41684
3219,s41684
3220,s41684
3221,s41684
3222,s41684
3223,s41684
3224,s41684
3225,s41684
3226,s41684
3227,s41684
3228,s41684
3229,s41684
3230,s41684
3231,s41684
3232,s41684
3233,s41684
3234,s41684
3235,s41684
3236,s41684
3237,s41684
3238,s41684
3239,s41684
3240,s41684
3241,s41684
3242,s41684
3243,s41684
3244,s41684
3245,s41684
3246,s41684
3247,s41684
3248,s41684
3249,s41684
3250,s41684
3251,s41684
3252,s41684
3253,s41684
3254,s41684
3255,s41684
3256,s41684
3257,s41684
3258,s41684
3259,s41684
3260,s41684
3261,s41684
3262,s41684
3263,s41684
3264,s41684
3265,s41684
3266,s41684
3267,s41684
3268,s41684
3269,s41684
3270,s41684
3271,s41684
3272,s41684
3273,s41684
3274,s41684
3275,s41684
3276,s41684
3277,s41684
3278,s41684
3279,s41684
3280,s41684
3281,s41684
3282,s41684
3283,s41684
3284,s41684
3285,s41684
3286,s41684
3287,s41684
3288,s41684
3289,s41684
3290,s41684
3291,s41684
3292,s41684
3293,s41684
3294,s41684
3295,s41684
3296,s41684
3297,s41684
3298,s41684
3299,s41684
3300,s41684
3301,s41684
3302,s41684
3303,s41684
3304,s41684
3305,s41684
3306,s41684
3307,s41684
3308,s41684
3309,s41684
3310,s41684
3311,s41684
3312,s41374
3313,s41374
3314,s41374
3315,s41374
3316,s41374
3317,s41374
3318,s41374
3319,s41374
3320,s41374
3321,s41374
3322,s41374
3323,s41374
3324,s41374
3325,s41374
3326,s41374
3327,s41374
3328,s41374
3329,s41374
3330,s41374
3331,s41374
3332,s41374
3333,s41374
3334,s41374
3335,s41374
3336,s41374
3337,s41374
3338,s41374
3339,s41374
3340,s41374
3341,s41374
3342,s41374
3343,s41374
3344,s41374
3345,s41374
3346,s41374
3347,s41374
3348,s41374
3349,s41374
3350,s41374
3351,s41374
3352,s41374
3353,s41374
3354,s41374
3355,s41374
3356,s41374
3357,s41374
3358,s41374
3359,s41374
3360,s41374
3361,s41374
3362,s41374
3363,s41374
3364,s41374
3365,s41374
3366,s41374
3367,s41374
3368,s41374
3369,s41374
3370,s41374
3371,s41374
3372,s41374
3373,s41374
3374,s41374
3375,s41374
3376,s41374
3377,s41374
3378,s41374
3379,s41374
3380,s41374
3381,s41374
3382,s41374
3383,s41374
3384,s41374
3385,s41374
3386,s41374
3387,s41374
3388,s41374
3389,s41374
3390,s41374
3391,s41374
3392,s41374
3393,s41374
3394,s41374
3395,s41374
3396,s41374
3397,s41374
3398,s41374
3399,s41374
3400,s41374
3401,s41374
3402,s41374
3403,s41374
3404,s41375
3405,s41375
3406,s41375
3407,s41375
3408,s41375
3409,s41375
3410,s41375
3411,s41375
3412,s41375
3413,s41375
3414,s41375
3415,s41375
3416,s41375
3417,s41375
3418,s41375
3419,s41375
3420,s41375
3421,s41375
3422,s41375
3423,s41375
3424,s41375
3425,s41375
3426,s41375
3427,s41375
3428,s41375
3429,s41375
3430,s41375
3431,s41375
3432,s41375
3433,s41375
3434,s41375
3435,s41375
3436,s41375
3437,s41375
3438,s41375
3439,s41375
3440,s41375
3441,s41375
3442,s41375
3443,s41375
3444,s41375
3445,s41375
3446,s41375
3447,s41375
3448,s41375
3449,s41375
3450,s41375
3451,s41375
3452,s41375
3453,s41375
3454,s41375
3455,s41375
3456,s41375
3457,s41375
3458,s41375
3459,s41375
3460,s41375
3461,s41375
3462,s41375
3463,s41375
3464,s41375
3465,s41375
3466,s41375
3467,s41375
3468,s41375
3469,s41375
3470,s41375
3471,s41375
3472,s41375
3473,s41375
3474,s41375
3475,s41375
3476,s41375
3477,s41375
3478,s41375
3479,s41375
3480,s41375
3481,s41375
3482,s41376
3483,s41376
3484,s41376
3485,leusup201410
3486,leusup201410
3487,leusup20148
3488,leusup20148
3489,leusup20148
3490,leusup20148
3491,leusup20148
3492,leusup20148
3493,leusup20141
3494,leusup20141
3495,leusup20141
3496,leusup20141
3497,leusup20141
3498,leusup20141
3499,leusup20143
3500,leusup20143
3501,leusup20143
3502,leusup20143
3503,leusup20143
3504,leusup20143
3505,leusup201411
3506,leusup201411
3507,leusup201411
3508,leusup201411
3509,leusup201411
3510,leusup201411
3511,leusup20145
3512,leusup20145
3513,leusup20145
3514,leusup20145
3515,leusup20145
3516,leusup20145
3517,leusup201413
3518,leusup201413
3519,leusup201413
3520,leusup201413
3521,leusup201413
3522,leusup201413
3523,leusup20147
3524,leusup20147
3525,leusup20147
3526,leusup20147
3527,leusup20147
3528,leusup20147
3529,leusup201415
3530,leusup201415
3531,leusup201415
3532,leusup201415
3533,leusup201415
3534,leusup201415
3535,leusup20149
3536,leusup20149
3537,leusup20149
3538,leusup20149
3539,leusup20149
3540,leusup20149
3541,leusup20142
3542,leusup20142
3543,leusup20142
3544,leusup20142
3545,leusup20142
3546,leusup20142
3547,leusup20144
3548,leusup20144
3549,leusup20144
3550,leusup20144
3551,leusup20144
3552,leusup20144
3553,leusup201412
3554,leusup201412
3555,leusup201412
3556,leusup201412
3557,leusup201412
3558,leusup201412
3559,leusup20146
3560,leusup20146
3561,leusup201414
3562,leusup201414
3563,leusup201414
3564,leusup201414
3565,leusup201414
3566,leusup201414
3567,leusup20136
3568,leusup20136
3569,leusup20136
3570,leusup20136
3571,leusup20136
3572,leusup20136
3573,leusup20131
3574,leusup20131
3575,leusup20133
3576,leusup20133
3577,leusup20133
3578,leusup20133
3579,leusup20133
3580,leusup20133
3581,leusup20134
3582,leusup20134
3583,leusup20134
3584,leusup20134
3585,leusup20134
3586,leusup20134
3587,s41377
3588,s41377
3589,s41377
3590,s41377
3591,s41377
3592,s41377
3593,s41377
3594,s41377
3595,s41377
3596,s41377
3597,s41377
3598,s41377
3599,s41377
3600,s41377
3601,s41377
3602,s41377
3603,s41377
3604,s41377
3605,s41377
3606,s41377
3607,s41377
3608,s41377
3609,s41377
3610,s41377
3611,s41377
3612,s41377
3613,s41377
3614,s41377
3615,s41377
3616,s41377
3617,s41377
3618,s41377
3619,s41377
3620,s41377
3621,s41377
3622,s41377
3623,s41377
3624,s41377
3625,s41377
3626,s41377
3627,s41378
3628,s41378
3629,s41378
3630,s41378
3631,s41378
3632,s41378
3633,s41378
3634,s41378
3635,s41378
3636,s41378
3637,s41378
3638,s41378
3639,s41378
3640,s41378
3641,s41378
3642,s41378
3643,s41378
3644,s41378
3645,s41378
3646,s41378
3647,s41378
3648,s41378
3649,s41378
3650,s41378
3651,s41378
3652,s41378
3653,s41378
3654,s41378
3655,s41378
3656,s41378
3657,s41378
3658,s41378
3659,s41378
3660,s41378
3661,s41378
3662,s41378
3663,s41378
3664,s41378
3665,s41378
3666,s41378
3667,s41379
3668,s41379
3669,s41379
3670,s41379
3671,s41379
3672,s41379
3673,s41379
3674,s41379
3675,s41379
3676,s41379
3677,s41379
3678,s41379
3679,s41379
3680,s41379
3681,s41379
3682,s41379
3683,s41379
3684,s41379
3685,s41379
3686,s41379
3687,s41379
3688,s41379
3689,s41379
3690,s41379
3691,s41379
3692,s41379
3693,s41379
3694,s41379
3695,s41379
3696,s41379
3697,s41379
3698,s41379
3699,s41379
3700,s41379
3701,s41379
3702,s41379
3703,s41379
3704,s41379
3705,s41379
3706,s41379
3707,s41379
3708,s41379
3709,s41379
3710,s41379
3711,s41379
3712,s41379
3713,s41379
3714,s41379
3715,s41379
3716,s41379
3717,s41379
3718,s41379
3719,s41379
3720,s41379
3721,s41379
3722,s41379
3723,s41379
3724,s41379
3725,s41379
3726,s41379
3727,s41379
3728,s41379
3729,s41379
3730,s41379
3731,s41379
3732,s41379
3733,s41379
3734,s41379
3735,s41379
3736,s41379
3737,s41379
3738,s41379
3739,s41379
3740,s41379
3741,s41379
3742,s41379
3743,s41379
3744,s41379
3745,s41379
3746,s41379
3747,s41379
3748,s41379
3749,s41379
3750,s41379
3751,s41379
3752,s41379
3753,s41379
3754,s41379
3755,s41379
3756,s41379
3757,s41379
3758,s41379
3759,s41379
3760,s41379
3761,s41379
3762,s41379
3763,s41379
3764,s41380
3765,s41380
3766,s41380
3767,s41380
3768,s41380
3769,s41380
3770,s41380
3771,s41380
3772,s41380
3773,s41380
3774,s41380
3775,s41380
3776,s41380
3777,s41380
3778,s41380
3779,s41380
3780,s41380
3781,s41380
3782,s41380
3783,s41380
3784,s41380
3785,s41380
3786,s41380
3787,s41380
3788,s41380
3789,s41380
3790,s41380
3791,s41380
3792,s41380
3793,s41380
3794,s41380
3795,s41380
3796,s41380
3797,s41380
3798,s41380
3799,s41380
3800,s41380
3801,s41380
3802,s41380
3803,s41380
3804,s41380
3805,s41380
3806,s41380
3807,s41380
3808,s41380
3809,s41380
3810,s41380
3811,s41380
3812,s41380
3813,s41380
3814,s41380
3815,s41380
3816,s41380
3817,s41380
3818,s41380
3819,s41380
3820,s41380
3821,s41380
3822,s41380
3823,s41380
3824,s41380
3825,s41380
3826,s41385
3827,s41385
3828,s41385
3829,s41385
3830,s41385
3831,s41385
3832,s41385
3833,s41385
3834,s41385
3835,s41385
3836,s41385
3837,s41385
3838,s41385
3839,s41385
3840,s41385
3841,s41385
3842,s41385
3843,s41385
3844,s41385
3845,s41385
3846,s41385
3847,s41385
3848,s41385
3849,s41385
3850,s41385
3851,s41385
3852,s41385
3853,s41385
3854,s41385
3855,s41385
3856,s41385
3857,s41385
3858,s41385
3859,s41385
3860,s41385
3861,s41385
3862,s41385
3863,s41385
3864,s41385
3865,s41385
3866,s41385
3867,s41385
3868,s41385
3869,s41385
3870,s41385
3871,s41385
3872,s41385
3873,s41385
3874,s41385
3875,s41385
3876,s41385
3877,s41385
3878,s41385
3879,s41385
3880,s41385
3881,s41385
3882,s41385
3883,s41385
3884,s41385
3885,s41385
3886,s41385
3887,s41385
3888,s41385
3889,s41385
3890,s41385
3891,s41385
3892,s41385
3893,s41385
3894,s41385
3895,s41385
3896,s41385
3897,s41586
3898,s41586
3899,d41586
3900,d41586
3901,d41586
3902,d41586
3903,d41586
3904,d41586
3905,d41586
3906,d41586
3907,d41586
3908,d41586
3909,d41586
3910,d41586
3911,d41586
3912,d41586
3913,d41586
3914,d41586
3915,d41586
3916,d41586
3917,d41586
3918,d41586
3919,d41586
3920,d41586
3921,d41586
3922,d41586
3923,d41586
3924,d41586
3925,d41586
3926,s41586
3927,s41586
3928,s41586
3929,s41586
3930,d41586
3931,d41586
3932,d41586
3933,d41586
3934,d41586
3935,d41586
3936,d41586
3937,d41586
3938,d41586
3939,d41586
3940,d41586
3941,d41586
3942,d41586
3943,d41586
3944,d41586
3945,d41586
3946,d41586
3947,d41586
3948,d41586
3949,d41586
3950,d41586
3951,d41586
3952,d41586
3953,d41586
3954,d41586
3955,d41586
3956,d41586
3957,d41586
3958,d41586
3959,d41586
3960,d41586
3961,d41586
3962,d41586
3963,d41586
3964,d41586
3965,d41586
3966,d41586
3967,d41586
3968,d41586
3969,d41586
3970,d41586
3971,d41586
3972,d41586
3973,d41586
3974,d41586
3975,d41586
3976,d41586
3977,d41586
3978,d41586
3979,d41586
3980,d41586
3981,d41586
3982,d41586
3983,d41586
3984,d41586
3985,d41586
3986,d41586
3987,d41586
3988,d41586
3989,d41586
3990,d41586
3991,d41586
3992,d41586
3993,d41586
3994,d41586
3995,d41586
3996,d41586
3997,d41586
3998,d41586
3999,d41586
4000,d41586
4001,d41586
4002,d41586
4003,d41586
4004,d41586
4005,d41586
4006,d41586
4007,d41586
4008,d41586
4009,d41586
4010,d41586
4011,d41586
4012,d41586
4013,d41586
4014,d41586
4015,d41586
4016,d41586
4017,d41586
4018,d41586
4019,d41586
4020,d41586
4021,d41586
4022,d41586
4023,d41586
4024,d41586
4025,d41586
4026,d41586
4027,d41586
4028,d41586
4029,d41586
4030,d41586
4031,d41586
4032,d41586
4033,d41586
4034,d41586
4035,d41586
4036,s41586
4037,s41586
4038,s41586
4039,s41586
4040,s41586
4041,s41586
4042,s41586
4043,s41586
4044,d41586
4045,d41586
4046,d41586
4047,d41586
4048,d41586
4049,d41586
4050,d41586
4051,d41586
4052,d41586
4053,d41586
4054,d41586
4055,d41586
4056,d41586
4057,d41586
4058,d41586
4059,d41586
4060,d41586
4061,d41586
4062,d41586
4063,d44148
4064,d44148
4065,d44148
4066,d44148
4067,d44148
4068,d44148
4069,d44148
4070,d44148
4071,d44148
4072,d44148
4073,d44148
4074,d44148
4075,d44148
4076,d44148
4077,d44148
4078,d44148
4079,d44148
4080,d44148
4081,d44148
4082,d44148
4083,d44148
4084,d44148
4085,d44148
4086,d44148
4087,d44148
4088,d44148
4089,d44148
4090,d44148
4091,d44148
4092,d44148
4093,d44148
4094,d44148
4095,d44148
4096,d44148
4097,d44148
4098,d44148
4099,d44148
4100,d44148
4101,d44148
4102,d44148
4103,d44148
4104,d44148
4105,d44148
4106,d44148
4107,d44148
4108,d44148
4109,d44148
4110,d44148
4111,d44148
4112,d44148
4113,d44148
4114,d44148
4115,d44148
4116,d44148
4117,d44148
4118,d44148
4119,d44148
4120,d44148
4121,d44148
4122,d44148
4123,s43587
4124,s43587
4125,s43587
4126,s43587
4127,s43587
4128,s43587
4129,s43587
4130,s43587
4131,s43587
4132,s43587
4133,s43587
4134,s43587
4135,s43587
4136,s43587
4137,s43587
4138,s43587
4139,s43587
4140,s43587
4141,s43587
4142,s43587
4143,s43587
4144,s43587
4145,s43587
4146,s43587
4147,s43587
4148,s43587
4149,s43587
4150,s43587
4151,s43587
4152,s43587
4153,s43587
4154,s43587
4155,s43587
4156,s43587
4157,s43587
4158,s43587
4159,s43587
4160,s43587
4161,s43587
4162,s43587
4163,s43587
4164,s43587
4165,s43587
4166,s43587
4167,s43587
4168,s43587
4169,s43587
4170,s43587
4171,s43587
4172,s43587
4173,s43587
4174,s43587
4175,s43587
4176,s43587
4177,s43587
4178,s43587
4179,s43587
4180,s43587
4181,s43587
4182,s43587
4183,s43587
4184,s43587
4185,s43587
4186,s43587
4187,s43587
4188,s43587
4189,s43587
4190,s43587
4191,s43587
4192,s43587
4193,s43587
4194,s43587
4195,s43587
4196,s43587
4197,s43587
4198,s43587
4199,s43587
4200,s43587
4201,s43587
4202,s43587
4203,s43587
4204,s43587
4205,s43587
4206,s43587
4207,s43587
4208,s43587
4209,s43587
4210,s43587
4211,s43587
4212,s43587
4213,s43587
4214,s43587
4215,s41550
4216,s41550
4217,s41550
4218,s41550
4219,s41550
4220,s41550
4221,s41550
4222,s41550
4223,s41550
4224,s41550
4225,s41550
4226,s41550
4227,s41550
4228,s41550
4229,s41550
4230,s41550
4231,s41550
4232,s41550
4233,s41550
4234,s41550
4235,s41550
4236,s41550
4237,s41550
4238,s41550
4239,s41550
4240,s41550
4241,s41550
4242,s41550
4243,s41550
4244,s41550
4245,s41550
4246,s41550
4247,s41550
4248,s41550
4249,s41550
4250,s41550
4251,s41550
4252,s41550
4253,s41550
4254,s41550
4255,s41550
4256,s41550
4257,s41550
4258,s41550
4259,s41550
4260,s41550
4261,s41550
4262,s41550
4263,s41550
4264,s41550
4265,s41550
4266,s41550
4267,s41550
4268,s41550
4269,s41550
4270,s41550
4271,s41550
4272,s41550
4273,s41550
4274,s41550
4275,s41550
4276,s41550
4277,s41550
4278,s41550
4279,s41550
4280,s41550
4281,s41550
4282,s41550
4283,s41550
4284,s41550
4285,s41550
4286,s41550
4287,s41550
4288,s41550
4289,s41550
4290,s41550
4291,s41550
4292,s41550
4293,s41550
4294,s41550
4295,s41550
4296,s41550
4297,s41550
4298,s41550
4299,s41550
4300,s41550
4301,s41550
4302,s41550
4303,s41550
4304,s41550
4305,s41550
4306,s41550
4307,s41550
4308,s41550
4309,s41550
4310,s41550
4311,s41550
4312,s41550
4313,s41550
4314,s41550
4315,s41550
4316,s41550
4317,s41550
4318,s41550
4319,s41550
4320,s41550
4321,s41550
4322,s41550
4323,s41550
4324,s41550
4325,s41550
4326,s41550
4327,s41550
4328,s41550
4329,s41550
4330,s41550
4331,s41550
4332,s41550
4333,s41550
4334,s41550
4335,s41550
4336,s41550
4337,s41550
4338,s41550
4339,s41550
4340,s41550
4341,s41551
4342,s41551
4343,s41551
4344,s41551
4345,s41551
4346,s41551
4347,s41551
4348,s41551
4349,s41551
4350,s41551
4351,s41551
4352,s41551
4353,s41551
4354,s41551
4355,s41551
4356,s41551
4357,s41551
4358,s41551
4359,s41551
4360,s41551
4361,s41551
4362,s41551
4363,s41551
4364,s41551
4365,s41551
4366,s41551
4367,s41551
4368,s41551
4369,s41551
4370,s41551
4371,s41551
4372,s41551
4373,s41551
4374,s41551
4375,s41551
4376,s41551
4377,s41551
4378,s41551
4379,s41551
4380,s41551
4381,s41551
4382,s41551
4383,s41551
4384,s41551
4385,s41551
4386,s41551
4387,s41551
4388,s41551
4389,s41551
4390,s41551
4391,s41551
4392,s41551
4393,s41551
4394,s41551
4395,s41551
4396,s41551
4397,s41551
4398,s41551
4399,s41551
4400,s41551
4401,s41551
4402,s41551
4403,s41551
4404,s41551
4405,s41551
4406,s41551
4407,s41551
4408,s41551
4409,s41551
4410,s41551
4411,s41551
4412,s41551
4413,s41551
4414,s41551
4415,s41551
4416,s41551
4417,s41551
4418,s41551
4419,s41551
4420,s41551
4421,s41551
4422,s41551
4423,s41551
4424,s41551
4425,s41551
4426,s41551
4427,s41551
4428,s41551
4429,s41551
4430,s41551
4431,s41551
4432,s41551
4433,s41551
4434,s41551
4435,s41551
4436,s41551
4437,s41551
4438,s41551
4439,s41551
4440,s41551
4441,s41551
4442,s41551
4443,s41551
4444,s41587
4445,s41587
4446,s41587
4447,s41587
4448,s41587
4449,s41587
4450,s41587
4451,s41587
4452,s41587
4453,s41587
4454,s41587
4455,s41587
4456,s41587
4457,s41587
4458,s41587
4459,s41587
4460,s41587
4461,s41587
4462,s41587
4463,s41587
4464,s41587
4465,s41587
4466,s41587
4467,s41587
4468,s41587
4469,s41587
4470,s41587
4471,s41587
4472,s41587
4473,s41587
4474,s41587
4475,s41587
4476,s41587
4477,s41587
4478,s41587
4479,s41587
4480,s41587
4481,s41587
4482,s41587
4483,s41587
4484,s41587
4485,s41587
4486,s41587
4487,s41587
4488,s41587
4489,s41587
4490,s41587
4491,s41587
4492,s41587
4493,s41587
4494,s41587
4495,s41587
4496,s41587
4497,s41587
4498,s41587
4499,s41587
4500,s41587
4501,s41587
4502,s41587
4503,s41587
4504,s41587
4505,s41587
4506,s41587
4507,s41587
4508,s41587
4509,s41587
4510,s41587
4511,s41587
4512,s41587
4513,s41587
4514,s41587
4515,s41587
4516,s41587
4517,s41587
4518,s41587
4519,s41587
4520,s41587
4521,s41587
4522,s41587
4523,s41587
4524,s41587
4525,s41587
4526,s41587
4527,s41587
4528,s41587
4529,s41587
4530,s41587
4531,s41587
4532,s41587
4533,s41587
4534,s41587
4535,s41587
4536,s41587
4537,s41587
4538,s41587
4539,s41587
4540,s41587
4541,s41587
4542,s41587
4543,s41587
4544,s41587
4545,s41587
4546,s41587
4547,s41587
4548,s41587
4549,s41587
4550,s41587
4551,s43018
4552,s43018
4553,s43018
4554,s43018
4555,s43018
4556,s43018
4557,s43018
4558,s43018
4559,s43018
4560,s43018
4561,s43018
4562,s43018
4563,s43018
4564,s43018
4565,s43018
4566,s43018
4567,s43018
4568,s43018
4569,s43018
4570,s43018
4571,s43018
4572,s43018
4573,s43018
4574,s43018
4575,s43018
4576,s43018
4577,s43018
4578,s43018
4579,s43018
4580,s43018
4581,s43018
4582,s43018
4583,s43018
4584,s43018
4585,s43018
4586,s43018
4587,s43018
4588,s43018
4589,s43018
4590,s43018
4591,s43018
4592,s43018
4593,s43018
4594,s43018
4595,s43018
4596,s43018
4597,s43018
4598,s43018
4599,s43018
4600,s43018
4601,s43018
4602,s43018
4603,s43018
4604,s43018
4605,s43018
4606,s43018
4607,s43018
4608,s43018
4609,s43018
4610,s43018
4611,s43018
4612,s43018
4613,s43018
4614,s43018
4615,s43018
4616,s43018
4617,s43018
4618,s43018
4619,s43018
4620,s43018
4621,s43018
4622,s43018
4623,s43018
4624,s43018
4625,s43018
4626,s43018
4627,s43018
4628,s43018
4629,s43018
4630,s43018
4631,s43018
4632,s43018
4633,s43018
4634,s43018
4635,s43018
4636,s43018
4637,s43018
4638,s43018
4639,s43018
4640,s43018
4641,s43018
4642,s43018
4643,s43018
4644,s43018
4645,s43018
4646,s43018
4647,s43018
4648,s43018
4649,s43018
4650,s43018
4651,s43018
4652,s43018
4653,s43018
4654,s43018
4655,s43018
4656,s43018
4657,s43018
4658,s43018
4659,s41929
4660,s41929
4661,s41929
4662,s41929
4663,s41929
4664,s41929
4665,s41929
4666,s41929
4667,s41929
4668,s41929
4669,s41929
4670,s41929
4671,s41929
4672,s41929
4673,s41929
4674,s41929
4675,s41929
4676,s41929
4677,s41929
4678,s41929
4679,s41929
4680,s41929
4681,s41929
4682,s41929
4683,s41929
4684,s41929
4685,s41929
4686,s41929
4687,s41929
4688,s41929
4689,s41929
4690,s41929
4691,s41929
4692,s41929
4693,s41929
4694,s41929
4695,s41929
4696,s41929
4697,s41929
4698,s41929
4699,s41929
4700,s41929
4701,s41929
4702,s41929
4703,s41929
4704,s41929
4705,s41929
4706,s41929
4707,s41929
4708,s41929
4709,s41929
4710,s41929
4711,s41929
4712,s41929
4713,s41929
4714,s41929
4715,s41929
4716,s41929
4717,s41929
4718,s41929
4719,s41929
4720,s41929
4721,s41929
4722,s41929
4723,s41929
4724,s41929
4725,s41929
4726,s41929
4727,s41929
4728,s41929
4729,s41929
4730,s41929
4731,s41929
4732,s41929
4733,s41929
4734,s41929
4735,s41929
4736,s41929
4737,s41929
4738,s41929
4739,s41929
4740,s41929
4741,s41929
4742,s41929
4743,s41929
4744,s41929
4745,s41929
4746,s41929
4747,s41929
4748,s41929
4749,s41929
4750,s41929
4751,s41929
4752,s41929
4753,s41929
4754,s41929
4755,s41929
4756,s41929
4757,s41929
4758,s41929
4759,s41929
4760,s41929
4761,s41929
4762,s41929
4763,s41929
4764,s41929
4765,s41929
4766,s41929
4767,s41929
4768,s41929
4769,s41929
4770,s41929
4771,s41929
4772,s41929
4773,s41929
4774,s41929
4775,s41929
4776,s41556
4777,s41556
4778,s41556
4779,s41556
4780,s41556
4781,s41556
4782,s41556
4783,s41556
4784,s41556
4785,s41556
4786,s41556
4787,s41556
4788,s41556
4789,s41556
4790,s41556
4791,s41556
4792,s41556
4793,s41556
4794,s41556
4795,s41556
4796,s41556
4797,s41556
4798,s41556
4799,s41556
4800,s41556
4801,s41556
4802,s41556
4803,s41556
4804,s41556
4805,s41556
4806,s41556
4807,s41556
4808,s41556
4809,s41556
4810,s41556
4811,s41556
4812,s41556
4813,s41556
4814,s41556
4815,s41556
4816,s41556
4817,s41556
4818,s41556
4819,s41556
4820,s41556
4821,s41556
4822,s41556
4823,s41556
4824,s41556
4825,s41556
4826,s41556
4827,s41556
4828,s41556
4829,s41556
4830,s41556
4831,s41556
4832,s41556
4833,s41556
4834,s41556
4835,s41556
4836,s41556
4837,s41556
4838,s41556
4839,s41556
4840,s41556
4841,s41556
4842,s41556
4843,s41556
4844,s41556
4845,s41556
4846,s41556
4847,s41556
4848,s41556
4849,s41556
4850,s41556
4851,s41556
4852,s41556
4853,s41556
4854,s41556
4855,s41556
4856,s41556
4857,s41556
4858,s41556
4859,s41556
4860,s41556
4861,s41556
4862,s41556
4863,s41556
4864,s41556
4865,s41556
4866,s41556
4867,s41556
4868,s41556
4869,s41556
4870,s41556
4871,s41556
4872,s41556
4873,s41556
4874,s41556
4875,s41556
4876,s41556
4877,s41556
4878,s41556
4879,s41589
4880,s41589
4881,s41589
4882,s41589
4883,s41589
4884,s41589
4885,s41589
4886,s41589
4887,s41589
4888,s41589
4889,s41589
4890,s41589
4891,s41589
4892,s41589
4893,s41589
4894,s41589
4895,s41589
4896,s41589
4897,s41589
4898,s41589
4899,s41589
4900,s41589
4901,s41589
4902,s41589
4903,s41589
4904,s41589
4905,s41589
4906,s41589
4907,s41589
4908,s41589
4909,s41589
4910,s41589
4911,s41589
4912,s41589
4913,s41589
4914,s41589
4915,s41589
4916,s41589
4917,s41589
4918,s41589
4919,s41589
4920,s41589
4921,s41589
4922,s41589
4923,s41589
4924,s41589
4925,s41589
4926,s41589
4927,s41589
4928,s41589
4929,s41589
4930,s41589
4931,s41589
4932,s41589
4933,s41589
4934,s41589
4935,s41589
4936,s41589
4937,s41589
4938,s41589
4939,s41589
4940,s41589
4941,s41589
4942,s41589
4943,s41589
4944,s41589
4945,s41589
4946,s41589
4947,s41589
4948,s41589
4949,s41589
4950,s41589
4951,s41589
4952,s41589
4953,s41589
4954,s41589
4955,s41589
4956,s41589
4957,s41589
4958,s41589
4959,s41589
4960,s41589
4961,s41589
4962,s41589
4963,s41589
4964,s41589
4965,s41589
4966,s41589
4967,s41589
4968,s41589
4969,s41589
4970,s41589
4971,s41589
4972,s41589
4973,s41589
4974,s41589
4975,s41589
4976,s41589
4977,s41589
4978,s41589
4979,s41589
4980,s41589
4981,s41589
4982,s41589
4983,s41589
4984,s41589
4985,s41589
4986,s41589
4987,s41589
4988,s41589
4989,s41589
4990,s41589
4991,s41589
4992,s41589
4993,s41589
4994,s41589
4995,s41589
4996,s41589
4997,s41557
4998,s41557
4999,s41557
5000,s41557
5001,s41557
5002,s41557
5003,s41557
5004,s41557
5005,s41557
5006,s41557
5007,s41557
5008,s41557
5009,s41557
5010,s41557
5011,s41557
5012,s41557
5013,s41557
5014,s41557
5015,s41557
5016,s41557
5017,s41557
5018,s41557
5019,s41557
5020,s41557
5021,s41557
5022,s41557
5023,s41557
5024,s41557
5025,s41557
5026,s41557
5027,s41557
5028,s41557
5029,s41557
5030,s41557
5031,s41557
5032,s41557
5033,s41557
5034,s41557
5035,s41557
5036,s41557
5037,s41557
5038,s41557
5039,s41557
5040,s41557
5041,s41557
5042,s41557
5043,s41557
5044,s41557
5045,s41557
5046,s41557
5047,s41557
5048,s41557
5049,s41557
5050,s41557
5051,s41557
5052,s41557
5053,s41557
5054,s41557
5055,s41557
5056,s41557
5057,s41557
5058,s41557
5059,s41557
5060,s41557
5061,s41557
5062,s41557
5063,s41557
5064,s41557
5065,s41557
5066,s41557
5067,s41557
5068,s41557
5069,s41557
5070,s41557
5071,s41557
5072,s41557
5073,s41557
5074,s41557
5075,s41557
5076,s41557
5077,s41557
5078,s41557
5079,s41557
5080,s41557
5081,s41557
5082,s41557
5083,s41557
5084,s41557
5085,s41557
5086,s41557
5087,s41557
5088,s41557
5089,s41557
5090,s41557
5091,s41557
5092,s41558
5093,s41558
5094,s41558
5095,s41558
5096,s41558
5097,s41558
5098,s41558
5099,s41558
5100,s41558
5101,s41558
5102,s41558
5103,s41558
5104,s41558
5105,s41558
5106,s41558
5107,s41558
5108,s41558
5109,s41558
5110,s41558
5111,s41558
5112,s41558
5113,s41558
5114,s41558
5115,s41558
5116,s41558
5117,s41558
5118,s41558
5119,s41558
5120,s41558
5121,s41558
5122,s41558
5123,s41558
5124,s41558
5125,s41558
5126,s41558
5127,s41558
5128,s41558
5129,s41558
5130,s41558
5131,s41558
5132,s41558
5133,s41558
5134,s41558
5135,s41558
5136,s41558
5137,s41558
5138,s41558
5139,s41558
5140,s41558
5141,s41558
5142,s41558
5143,s41558
5144,s41558
5145,s41558
5146,s41558
5147,s41558
5148,s41558
5149,s41558
5150,s41558
5151,s41558
5152,s41558
5153,s41558
5154,s41558
5155,s41558
5156,s41558
5157,s41558
5158,s41558
5159,s41558
5160,s41558
5161,s41558
5162,s41558
5163,s41558
5164,s41558
5165,s41558
5166,s41558
5167,s41558
5168,s41558
5169,s41558
5170,s41558
5171,s41558
5172,s41558
5173,s41558
5174,s41558
5175,s41558
5176,s41558
5177,s41558
5178,s41558
5179,s41558
5180,s41558
5181,s41558
5182,s41558
5183,s41558
5184,s41558
5185,s41558
5186,s41558
5187,s41558
5188,s41558
5189,s41558
5190,s41558
5191,s41558
5192,s41558
5193,s41558
5194,s41558
5195,s41558
5196,s41558
5197,s41558
5198,s41558
5199,s41558
5200,s41558
5201,s41558
5202,s41558
5203,s41558
5204,s41558
5205,s41558
5206,s41558
5207,s41467
5208,s41467
5209,s41467
5210,s41467
5211,s41467
5212,s41467
5213,s41467
5214,s41467
5215,s41467
5216,s41467
5217,s41467
5218,s41467
5219,s41467
5220,s41467
5221,s41467
5222,s41467
5223,s41467
5224,s41467
5225,s41467
5226,s41467
5227,s41467
5228,s41467
5229,s41467
5230,s41467
5231,s41467
5232,s41467
5233,s41467
5234,s41467
5235,s41467
5236,s41467
5237,s41467
5238,s41467
5239,s41467
5240,s41467
5241,s41467
5242,s41467
5243,s41467
5244,s41467
5245,s41467
5246,s41467
5247,s41467
5248,s43588
5249,s43588
5250,s43588
5251,s43588
5252,s43588
5253,s43588
5254,s43588
5255,s43588
5256,s43588
5257,s43588
5258,s43588
5259,s43588
5260,s43588
5261,s43588
5262,s43588
5263,s43588
5264,s43588
5265,s43588
5266,s43588
5267,s43588
5268,s43588
5269,s43588
5270,s43588
5271,s43588
5272,s43588
5273,s43588
5274,s43588
5275,s43588
5276,s43588
5277,s43588
5278,s43588
5279,s43588
5280,s43588
5281,s43588
5282,s43588
5283,s43588
5284,s43588
5285,s43588
5286,s43588
5287,s43588
5288,s43588
5289,s43588
5290,s43588
5291,s43588
5292,s43588
5293,s43588
5294,s43588
5295,s43588
5296,s43588
5297,s43588
5298,s43588
5299,s43588
5300,s43588
5301,s43588
5302,s43588
5303,s43588
5304,s43588
5305,s43588
5306,s43588
5307,s43588
5308,s43588
5309,s43588
5310,s43588
5311,s43588
5312,s43588
5313,s43588
5314,s43588
5315,s43588
5316,s43588
5317,s43588
5318,s43588
5319,s43588
5320,s43588
5321,s43588
5322,s43588
5323,s43588
5324,s43588
5325,s43588
5326,s43588
5327,s43588
5328,s43588
5329,s43588
5330,s43588
5331,s43588
5332,s43588
5333,s43588
5334,s43588
5335,s43588
5336,s43588
5337,s43588
5338,s43588
5339,s41559
5340,s41559
5341,s41559
5342,s41559
5343,s41559
5344,s41559
5345,s41559
5346,s41559
5347,s41559
5348,s41559
5349,s41559
5350,s41559
5351,s41559
5352,s41559
5353,s41559
5354,s41559
5355,s41559
5356,s41559
5357,s41559
5358,s41559
5359,s41559
5360,s41559
5361,s41559
5362,s41559
5363,s41559
5364,s41559
5365,s41559
5366,s41559
5367,s41559
5368,s41559
5369,s41559
5370,s41559
5371,s41559
5372,s41559
5373,s41559
5374,s41559
5375,s41559
5376,s41559
5377,s41559
5378,s41559
5379,s41559
5380,s41559
5381,s41559
5382,s41559
5383,s41559
5384,s41559
5385,s41559
5386,s41559
5387,s41559
5388,s41559
5389,s41559
5390,s41559
5391,s41559
5392,s41559
5393,s41559
5394,s41559
5395,s41559
5396,s41559
5397,s41559
5398,s41559
5399,s41559
5400,s41559
5401,s41559
5402,s41559
5403,s41559
5404,s41559
5405,s41559
5406,s41559
5407,s41559
5408,s41559
5409,s41559
5410,s41559
5411,s41559
5412,s41559
5413,s41559
5414,s41559
5415,s41559
5416,s41559
5417,s41559
5418,s41559
5419,s41559
5420,s41559
5421,s41559
5422,s41559
5423,s41559
5424,s41559
5425,s41559
5426,s41559
5427,s41559
5428,s41559
5429,s41559
5430,s41559
5431,s41559
5432,s41559
5433,s41559
5434,s41559
5435,s41559
5436,s41559
5437,s41559
5438,s41559
5439,s41559
5440,s41559
5441,s41559
5442,s41559
5443,s41928
5444,s41928
5445,s41928
5446,s41928
5447,s41928
5448,s41928
5449,s41928
5450,s41928
5451,s41928
5452,s41928
5453,s41928
5454,s41928
5455,s41928
5456,s41928
5457,s41928
5458,s41928
5459,s41928
5460,s41928
5461,s41928
5462,s41928
5463,s41928
5464,s41928
5465,s41928
5466,s41928
5467,s41928
5468,s41928
5469,s41928
5470,s41928
5471,s41928
5472,s41928
5473,s41928
5474,s41928
5475,s41928
5476,s41928
5477,s41928
5478,s41928
5479,s41928
5480,s41928
5481,s41928
5482,s41928
5483,s41928
5484,s41928
5485,s41928
5486,s41928
5487,s41928
5488,s41928
5489,s41928
5490,s41928
5491,s41928
5492,s41928
5493,s41928
5494,s41928
5495,s41928
5496,s41928
5497,s41928
5498,s41928
5499,s41928
5500,s41928
5501,s41928
5502,s41928
5503,s41928
5504,s41928
5505,s41928
5506,s41928
5507,s41928
5508,s41928
5509,s41928
5510,s41928
5511,s41928
5512,s41928
5513,s41928
5514,s41928
5515,s41928
5516,s41928
5517,s41928
5518,s41928
5519,s41928
5520,s41928
5521,s41928
5522,s41928
5523,s41928
5524,s41928
5525,s41928
5526,s41928
5527,s41928
5528,s41928
5529,s41928
5530,s41928
5531,s41928
5532,s41928
5533,s41928
5534,s41928
5535,s41928
5536,s41928
5537,s41928
5538,s41928
5539,s41928
5540,s41928
5541,s41928
5542,s41928
5543,s41928
5544,s41928
5545,s41928
5546,s41928
5547,s41928
5548,s41928
5549,s41928
5550,s41928
5551,s41560
5552,s41560
5553,s41560
5554,s41560
5555,s41560
5556,s41560
5557,s41560
5558,s41560
5559,s41560
5560,s41560
5561,s41560
5562,s41560
5563,s41560
5564,s41560
5565,s41560
5566,s41560
5567,s41560
5568,s41560
5569,s41560
5570,s41560
5571,s41560
5572,s41560
5573,s41560
5574,s41560
5575,s41560
5576,s41560
5577,s41560
5578,s41560
5579,s41560
5580,s41560
5581,s41560
5582,s41560
5583,s41560
5584,s41560
5585,s41560
5586,s41560
5587,s41560
5588,s41560
5589,s41560
5590,s41560
5591,s41560
5592,s41560
5593,s41560
5594,s41560
5595,s41560
5596,s41560
5597,s41560
5598,s41560
5599,s41560
5600,s41560
5601,s41560
5602,s41560
5603,s41560
5604,s41560
5605,s41560
5606,s41560
5607,s41560
5608,s41560
5609,s41560
5610,s41560
5611,s41560
5612,s41560
5613,s41560
5614,s41560
5615,s41560
5616,s41560
5617,s41560
5618,s41560
5619,s41560
5620,s41560
5621,s41560
5622,s41560
5623,s41560
5624,s41560
5625,s41560
5626,s41560
5627,s41560
5628,s41560
5629,s41560
5630,s41560
5631,s41560
5632,s41560
5633,s41560
5634,s41560
5635,s41560
5636,s41560
5637,s41560
5638,s41560
5639,s41560
5640,s41560
5641,s41560
5642,s41560
5643,s41560
5644,s41560
5645,s41560
5646,s41560
5647,s41560
5648,s41560
5649,s41560
5650,s41560
5651,s41560
5652,s41560
5653,s41560
5654,s41560
5655,s41560
5656,s41560
5657,s41560
5658,s41560
5659,s41560
5660,s41560
5661,s41560
5662,s41560
5663,s41560
5664,s41560
5665,s41560
5666,s41560
5667,s41560
5668,s41560
5669,s41560
5670,s41560
5671,s41560
5672,s41560
